vessel 0,2024/05/04 04:02:00
vessel 1,2024/05/04 07:08:00
vessel 2,2024/05/04 08:21:00
vessel 3,2024/05/05 01:55:00
vessel 4,2024/05/05 08:36:00
vessel 5,2024/05/05 11:04:00
vessel 6,2024/05/05 16:06:00
vessel 7,2024/05/06 02:27:00
vessel 8,2024/05/06 04:20:00
vessel 9,2024/05/06 08:27:00
vessel 10,2024/05/06 09:05:00
vessel 11,2024/05/06 10:05:00
vessel 12,2024/05/06 15:54:00
vessel 13,2024/05/06 16:39:00
vessel 14,2024/05/07 01:30:00
vessel 15,2024/05/07 04:37:00
vessel 16,2024/05/07 05:32:00
vessel 17,2024/05/07 19:30:00
vessel 18,2024/05/08 06:19:00
vessel 19,2024/05/08 11:33:00
vessel 20,2024/05/08 13:43:00
vessel 21,2024/05/08 14:59:00
vessel 22,2024/05/08 23:19:00
vessel 23,2024/05/09 03:19:00
vessel 24,2024/05/09 08:13:00
vessel 25,2024/05/09 09:03:00
vessel 26,2024/05/09 11:20:00
vessel 27,2024/05/09 16:21:00
vessel 28,2024/05/09 23:38:00
vessel 29,2024/05/10 16:09:00
